Country Name,Country Code,Series Name,Series Code,2013 [YR2013],2014 [YR2014],2015 [YR2015],2016 [YR2016],2017 [YR2017],2018 [YR2018],2019 [YR2019],2020 [YR2020],2021 [YR2021],2022 [YR2022],2023 [YR2023]
United States,USA,GDP growth (annual %),NY.GDP.MKTP.KD.ZG,2.11783009919846,2.52381981441982,2.94555045455233,1.81945147474293,2.45762230356996,2.96650507100425,2.46703756313913,-2.21346933290643,5.8002061284573,1.93549589483209,2.54270029878489
United States,USA,GDP (current US$),NY.GDP.MKTP.CD,16880683000000,17608138000000,18295019000000,18804913000000,19612102000000,20656516000000,21521395000000,21322950000000,23594031000000,25744108000000,27360935000000
United States,USA,GDP per capita (constant 2015 US$),NY.GDP.PCAP.KD,54844.2425797154,55817.5632471958,57040.2082136605,57658.6708825722,58703.1440782154,60127.2102775233,61330.6459767318,59394.778327105,62741.0018131151,63720.7641611959,65020.3529285737
United States,USA,"GNI per capita, Atlas method (current US$)",NY.GNP.PCAP.CD,53860,55670,56510,57060,59130,63360,66200,64690,71330,76590,80300
United States,USA,"Inflation, consumer prices (annual %)",FP.CPI.TOTL.ZG,1.46483265562717,1.62222297740817,0.118627135552451,1.26158320570536,2.13011000365961,2.44258329692817,1.81221007526021,1.23358439630629,4.69785886363742,8.00279982052121,4.11633838374488
United States,USA,"Inflation, GDP deflator (annual %)",NY.GDP.DEFL.KD.ZG,1.70188036067233,1.74161805258845,0.928042794757729,0.950322479212474,1.79080328454668,2.29089027511688,1.67850787434747,1.3206183953191,4.584745358897,7.04102594330236,3.64499524971842
United States,USA,"Unemployment, total (% of total labor force) (national estimate)",SL.UEM.TOTL.NE.ZS,7.375,6.168,5.28,4.869,4.355,3.896,3.669,8.055,5.349,3.65,3.638
United States,USA,"Labor force participation rate, total (% of total population ages 15+) (national estimate)",SL.TLF.CACT.NE.ZS,63.249,62.885,62.651,62.786,62.851,62.871,63.1,61.746,61.659,62.236,62.604
United States,USA,Exports of goods and services (% of GDP),NE.EXP.GNFS.ZS,13.5534918818154,13.5082142132235,12.4111486301271,11.8881592273253,12.177481026766,12.2871107596266,11.7950067827852,10.0835578566756,10.8079793571518,11.6339086209551,..
United States,USA,Imports of goods and services (% of GDP),NE.IMP.GNFS.ZS,16.3878144030073,16.3983551242045,15.2770653039497,14.5644385592212,14.9478571955214,15.1582483706352,14.4830481481335,13.0211954724839,14.4455053059818,15.4061076810274,..
United States,USA,Poverty headcount ratio at national poverty lines (% of population),SI.POV.NAHC,..,..,..,..,..,..,..,..,..,..,..
United States,USA,Gini index,SI.POV.GINI,40.6,41.5,41.2,41.1,41.2,41.4,41.5,39.7,39.7,41.3,..
United States,USA,"School enrollment, preprimary (% gross)",SE.PRE.ENRR,71.5239562988281,64.7829437255859,72.0273590087891,71.937370300293,72.93408203125,72.1459197998047,72.2141723632813,72.3956832885742,..,..,..
United States,USA,"School enrollment, primary (% gross)",SE.PRM.ENRR,99.455436706543,99.6733779907227,100.299911499023,101.362861633301,101.821441650391,101.256561279297,100.981300354004,100.305793762207,98.3054885864258,96.9717330932617,..
United States,USA,"School enrollment, secondary (% gross)",SE.SEC.ENRR,96.1864929199219,96.9245376586914,97.6525497436523,98.7699279785156,98.9523391723633,99.2755813598633,100.063430786133,100.509819030762,101.192489624023,97.4734878540039,..
United States,USA,"School enrollment, tertiary (% gross)",SE.TER.ENRR,88.7264175415039,88.6268692016602,88.8894119262695,88.8350524902344,88.1673889160156,88.2991790771484,87.8887100219727,87.5676574707031,84.8550872802734,79.361930847168,..
United States,USA,"Literacy rate, adult total (% of people ages 15 and above)",SE.ADT.LITR.ZS,..,..,..,..,..,..,..,..,..,..,..
United States,USA,CO2 emissions (metric tons per capita),EN.ATM.CO2E.PC,16.1111752638496,16.0409167568247,15.5600154435853,15.1498827249693,14.8232454359428,15.2225180998504,14.6733807134556,13.0322217290262,..,..,..
United States,USA,Access to electricity (% of population),EG.ELC.ACCS.ZS,100,100,100,100,100,100,100,100,100,100,..
United States,USA,"Life expectancy at birth, total (years)",SP.DYN.LE00.IN,78.7414634146342,78.8414634146341,78.690243902439,78.5390243902439,78.5390243902439,78.6390243902439,78.7878048780488,76.9804878048781,76.3292682926829,77.4341463414634,..
United States,USA,"Mortality rate, under-5 (per 1,000 live births)",SH.DYN.MORT,7,6.9,6.8,6.7,6.6,6.5,6.5,6.4,6.3,6.3,..
Germany,DEU,GDP growth (annual %),NY.GDP.MKTP.KD.ZG,0.437591303144671,2.20954343134872,1.49193152760772,2.22999986782015,2.68023111405891,0.981232606004738,1.07547163576423,-3.82676871619293,3.16381994194575,1.80620896724351,-0.304934575740816
Germany,DEU,GDP (current US$),NY.GDP.MKTP.CD,3733804649549.03,3889093051023.52,3357585719351.56,3469853463945.53,3690849152517.65,3974443355019.6,3889177589254.9,3887727161914.41,4278503934689.85,4082469490797.68,4456081016705.96
Germany,DEU,GDP per capita (constant 2015 US$),NY.GDP.PCAP.KD,40135.0158319837,40851.1617304855,41103.2564363768,41682.0322433511,42639.5544087286,42928.7412368012,43292.6838917385,41601.9731563516,42900.0225187383,43361.1771204321,42878.8118385764
Germany,DEU,"GNI per capita, Atlas method (current US$)",NY.GNP.PCAP.CD,47220,47640,45780,44280,43760,47490,49410,47970,52050,54030,53970
Germany,DEU,"Inflation, consumer prices (annual %)",FP.CPI.TOTL.ZG,1.50472330251876,0.906794000434246,0.514426137125456,0.491747008445174,1.50949485109628,1.73216879766942,1.44565976888253,0.144877925813982,3.06666666666673,6.87257438551097,5.94643667725823
Germany,DEU,"Inflation, GDP deflator (annual %)",NY.GDP.DEFL.KD.ZG,1.95939168302444,1.87793985374911,1.85367882408802,1.32775222269545,1.50373898915133,2.00749244131613,2.13030905148273,1.87258564805592,3.01963807375267,5.26832542370153,6.62800806894128
Germany,DEU,"Unemployment, total (% of total labor force) (national estimate)",SL.UEM.TOTL.NE.ZS,5.316,4.98,4.612,4.104,3.781,3.384,3.163,3.881,3.594,3.12,3.068
Germany,DEU,"Labor force participation rate, total (% of total population ages 15+) (national estimate)",SL.TLF.CACT.NE.ZS,60.369,60.436,60.215,61.028,61.242,61.264,61.966,60.558,60.588,61.252,61.469
Germany,DEU,Exports of goods and services (% of GDP),NE.EXP.GNFS.ZS,45.4186778593914,45.6192633128717,46.920738356608,46.0732628543356,47.1630406836519,47.3088591421652,47.1275808768289,43.4769796664248,47.2795201039406,50.9239297257281,47.1352483281406
Germany,DEU,Imports of goods and services (% of GDP),NE.IMP.GNFS.ZS,39.6601988368577,39.0008300796262,39.3254862566007,38.6963831131131,40.0741622693716,41.2110119003402,41.1908085811906,37.6703792603996,41.8815740369597,48.9564100381499,42.9732890739501
Germany,DEU,Poverty headcount ratio at national poverty lines (% of population),SI.POV.NAHC,..,..,..,..,..,..,16.1,16,14.8,..,..
Germany,DEU,Gini index,SI.POV.GINI,31.5,30.8,31.7,31.4,31.3,31.9,31.8,32.4,..,..,..
Germany,DEU,"School enrollment, preprimary (% gross)",SE.PRE.ENRR,107.52375793457,108.323890686035,108.794509887695,109.863403320313,109.127403259277,108.526878356934,107.901168823242,108.031730651855,..,..,..
Germany,DEU,"School enrollment, primary (% gross)",SE.PRM.ENRR,103.638671875,102.62181854248,102.702461242676,101.406066894531,101.738708496094,102.645378112793,102.547470092773,101.996658325195,101.346549987793,..,..
Germany,DEU,"School enrollment, secondary (% gross)",SE.SEC.ENRR,103.935333251953,103.303871154785,102.192413330078,100.852310180664,101.095642089844,100.837303161621,101.152557373047,101.307800292969,101.203536987305,..,..
Germany,DEU,"School enrollment, tertiary (% gross)",SE.TER.ENRR,60.8984489440918,65.1844787597656,68.23291015625,67.9464111328125,68.4692306518555,69.1634292602539,72.705078125,72.3894195556641,75.6655426025391,..,..
Germany,DEU,"Literacy rate, adult total (% of people ages 15 and above)",SE.ADT.LITR.ZS,..,..,..,..,..,..,..,..,..,..,..
Germany,DEU,CO2 emissions (metric tons per capita),EN.ATM.CO2E.PC,9.62422936749002,9.08852776834501,9.08734480366678,9.07297238768971,8.8583445114547,8.53704268780674,7.9271876239049,7.2552210281684,..,..,..
Germany,DEU,Access to electricity (% of population),EG.ELC.ACCS.ZS,100,100,100,100,100,100,100,100,100,100,..
Germany,DEU,"Life expectancy at birth, total (years)",SP.DYN.LE00.IN,80.490243902439,81.090243902439,80.6414634146341,80.990243902439,80.9926829268293,80.8926829268293,81.2926829268293,81.0414634146342,80.790243902439,80.7056097560976,..
Germany,DEU,"Mortality rate, under-5 (per 1,000 live births)",SH.DYN.MORT,4,4,3.9,3.9,3.9,3.8,3.7,3.7,3.6,3.6,..
Japan,JPN,GDP growth (annual %),NY.GDP.MKTP.KD.ZG,2.0051001767726,0.296205514142628,1.56062669674904,0.753826745903538,1.67533175166503,0.643391023460339,-0.402169200910933,-4.14711889947692,2.55932023865617,0.954736937781391,1.92305553064716
Japan,JPN,GDP (current US$),NY.GDP.MKTP.CD,5212328181166.18,4896994405353.29,4444930651964.18,5003677627544.24,4930837369151.42,5040880939324.86,5117993853016.51,5055587093501.59,5034620784584.98,4256410760723.75,4212945159781.4
Japan,JPN,GDP per capita (constant 2015 US$),NY.GDP.PCAP.KD,34239.8862473683,34386.905855287,34960.6393843385,35242.1993771881,35861.9728545838,36138.5290824719,36043.7844013365,34650.7967802766,35701.4542716142,36202.639274898,37079.1092202813
Japan,JPN,"GNI per capita, Atlas method (current US$)",NY.GNP.PCAP.CD,48850,44440,39380,38460,38930,41800,41970,40940,43670,42550,39030
Japan,JPN,"Inflation, consumer prices (annual %)",FP.CPI.TOTL.ZG,0.335037912184741,2.75922671353253,0.795279630579839,-0.127258844489754,0.484199796126385,0.989094598021848,0.46877615938395,-0.024995834027731,-0.233352779398264,2.49770278172255,3.26813365933163
Japan,JPN,"Inflation, GDP deflator (annual %)",NY.GDP.DEFL.KD.ZG,-0.354375054330276,1.68629478626674,2.111298993275,0.419944376057273,-0.0743495037290671,-0.00023750638760589,0.63480316569607,0.941449700794308,-0.19006062486126,0.333979877221765,3.75261232319188
Japan,JPN,"Unemployment, total (% of total labor force) (national estimate)",SL.UEM.TOTL.NE.ZS,4.038,3.589,3.385,3.132,2.822,2.467,2.351,2.809,2.828,2.6,2.6
Japan,JPN,"Labor force participation rate, total (% of total population ages 15+) (national estimate)",SL.TLF.CACT.NE.ZS,59.245,59.443,59.499,59.986,60.444,61.446,62.008,61.947,62.124,62.5,62.9
Japan,JPN,Exports of goods and services (% of GDP),NE.EXP.GNFS.ZS,15.7841567318773,17.4186553484795,17.4367598376529,16.0579692360598,17.5914391047836,18.3149455985223,17.4635264275221,15.528515498653,18.1254766352366,21.5417231170208,..
Japan,JPN,Imports of goods and services (% of GDP),NE.IMP.GNFS.ZS,18.1946119190738,20.0127792201784,17.990648516827,15.2522776095286,16.831774467385,18.2949862035848,17.7528916808924,15.7972776256456,18.6460066518101,25.3020090221706,..
Japan,JPN,Poverty headcount ratio at national poverty lines (% of population),SI.POV.NAHC,..,..,..,..,..,..,..,..,..,..,..
Japan,JPN,Gini index,SI.POV.GINI,32.9,..,..,..,..,..,..,..,..,..,..
Japan,JPN,"School enrollment, preprimary (% gross)",SE.PRE.ENRR,87.3422775268555,86.4447402954102,86.695426940918,..,..,..,..,..,..,..,..
Japan,JPN,"School enrollment, primary (% gross)",SE.PRM.ENRR,102.255889892578,102.415283203125,102.41911315918,102.216911315918,102.254829406738,102.099906921387,102.652282714844,102.736831665039,102.218322753906,..,..
Japan,JPN,"School enrollment, secondary (% gross)",SE.SEC.ENRR,101.781173706055,101.813980102539,102.200416564941,101.167999267578,101.882888793945,102.425148010254,102.670066833496,102.844802856445,102.155380249023,..,..
Japan,JPN,"School enrollment, tertiary (% gross)",SE.TER.ENRR,62.8381881713867,62.7269897460938,62.4726600646973,63.1872291564941,62.4629783630371,62.2089385986328,62.1184997558594,62.1358413696289,63.1702690124512,..,..
Japan,JPN,"Literacy rate, adult total (% of people ages 15 and above)",SE.ADT.LITR.ZS,..,..,..,..,..,..,..,..,..,..,..
Japan,JPN,CO2 emissions (metric tons per capita),EN.ATM.CO2E.PC,9.94449527247048,9.56430591784783,9.26804964566898,9.16671440712644,9.06369120751032,8.76197885041518,8.47840057488964,8.0314958696668,..,..,..
Japan,JPN,Access to electricity (% of population),EG.ELC.ACCS.ZS,100,100,100,100,100,100,100,100,100,100,..
Japan,JPN,"Life expectancy at birth, total (years)",SP.DYN.LE00.IN,83.3319512195122,83.5878048780488,83.7939024390244,83.9848780487805,84.099756097561,84.2109756097561,84.3563414634146,84.56,84.4456097560976,83.9963414634146,..
Japan,JPN,"Mortality rate, under-5 (per 1,000 live births)",SH.DYN.MORT,2.9,2.8,2.8,2.7,2.6,2.5,2.5,2.4,2.3,2.3,..
United Kingdom,GBR,GDP growth (annual %),NY.GDP.MKTP.KD.ZG,1.79232221590813,3.19578246561922,2.2202583222271,1.9210634135702,2.65506966811928,1.40379208588568,1.64161099628876,-10.3599008187799,8.67490411442573,4.34522883436574,0.104017849159277
United Kingdom,GBR,GDP (current US$),NY.GDP.MKTP.CD,2784853502534.29,3064708247921.43,2927911140916.73,2689106566899.61,2680148052335.3,2871340347581.79,2851407164907.81,2697806592293.86,3141506156618.7,3088839763445.02,3340032380668.04
United Kingdom,GBR,GDP per capita (constant 2015 US$),NY.GDP.PCAP.KD,43282.2097513788,44337.6786402733,44964.3911437292,45482.1782886254,46373.6385314155,46740.5535926377,47240.599622327,42191.9173665785,45889.6110228554,47343.4743776948,47005.1190099575
United Kingdom,GBR,"GNI per capita, Atlas method (current US$)",NY.GNP.PCAP.CD,42790,44580,44380,42960,41660,42020,43240,38750,45550,48640,47800
United Kingdom,GBR,"Inflation, consumer prices (annual %)",FP.CPI.TOTL.ZG,2.29166666666659,1.45112016293279,0.36804684232536,1.0084173681141,2.55775577557747,2.29283990345938,1.73810460086513,0.989486703772491,2.51837109614213,7.92204883147902,6.79396706793963
United Kingdom,GBR,"Inflation, GDP deflator (annual %)",NY.GDP.DEFL.KD.ZG,2.11706397502103,1.31777821360919,0.660990521413524,1.96479827407785,1.85654104667935,1.92205239358366,2.11573274293868,5.08362342906076,-0.120427085491656,5.14631509041294,7.11947741650367
United Kingdom,GBR,"Unemployment, total (% of total labor force) (national estimate)",SL.UEM.TOTL.NE.ZS,7.704,6.363,5.517,4.868,4.452,4.12,3.613,4.472,4.826,3.73,3.984
United Kingdom,GBR,"Labor force participation rate, total (% of total population ages 15+) (national estimate)",SL.TLF.CACT.NE.ZS,62.32,62.462,62.547,62.694,62.663,62.876,62.912,62.8,62.171,62.193,62.2
United Kingdom,GBR,Exports of goods and services (% of GDP),NE.EXP.GNFS.ZS,30.2894247712844,28.5762147291242,27.845950666101,28.9023395233588,30.8903510330461,31.5801113597336,31.63478028095,29.6919908301525,29.5973125272812,33.4304609651869,32.1726519861297
United Kingdom,GBR,Imports of goods and services (% of GDP),NE.IMP.GNFS.ZS,31.7096871437064,30.518589390469,29.3575990202724,30.7980588910172,32.2312989980226,32.9625368906995,33.0303533562736,29.0825685457504,29.7513352208921,36.0972010561932,33.4147319910122
United Kingdom,GBR,Poverty headcount ratio at national poverty lines (% of population),SI.POV.NAHC,..,..,..,17,18.6,..,..,..,..,..,..
United Kingdom,GBR,Gini index,SI.POV.GINI,32.7,33.1,33.3,33.1,32.6,33.7,32.8,32.6,32.4,..,..
United Kingdom,GBR,"School enrollment, preprimary (% gross)",SE.PRE.ENRR,79.3045272827148,87.2502136230469,101.246139526367,110.336532592773,106.387306213379,107.139846801758,105.880378723145,105.762809753418,..,..,..
United Kingdom,GBR,"School enrollment, primary (% gross)",SE.PRM.ENRR,105.381309509277,99.8948211669922,99.7858428955078,99.4976501464844,99.3491973876953,99.2638092041016,99.1310195922852,98.5916595458984,102.179847717285,98.5245819091797,..
United Kingdom,GBR,"School enrollment, secondary (% gross)",SE.SEC.ENRR,125.601188659668,128.286331176758,125.702590942383,..,125.672149658203,120.13818359375,117.060470581055,114.169616699219,113.035621643066,111.909187316895,..
United Kingdom,GBR,"School enrollment, tertiary (% gross)",SE.TER.ENRR,57.077220916748,56.9918899536133,56.9323501586914,58.5959014892578,60.1500511169434,61.6712989807129,65.9645614624023,69.986572265625,77.0131607055664,82.6516494750977,..
United Kingdom,GBR,"Literacy rate, adult total (% of people ages 15 and above)",SE.ADT.LITR.ZS,..,..,..,..,..,..,..,..,..,..,..
United Kingdom,GBR,CO2 emissions (metric tons per capita),EN.ATM.CO2E.PC,7.07610042765381,6.43334699951386,6.15937636059612,5.82450269116313,5.55329149720857,5.42512840439105,5.17584247261224,4.60114225090135,..,..,..
United Kingdom,GBR,Access to electricity (% of population),EG.ELC.ACCS.ZS,100,100,100,100,100,100,100,100,100,100,..
United Kingdom,GBR,"Life expectancy at birth, total (years)",SP.DYN.LE00.IN,81.0048780487805,81.3048780487805,80.9560975609756,81.1560975609756,81.2560975609756,81.2560975609756,81.4048780487805,80.3512195121951,80.7,82.0585365853659,..
United Kingdom,GBR,"Mortality rate, under-5 (per 1,000 live births)",SH.DYN.MORT,4.6,4.5,4.5,4.4,4.4,4.4,4.3,4.3,4.2,4.1,..
United Arab Emirates,ARE,GDP growth (annual %),NY.GDP.MKTP.KD.ZG,5.05555965807969,4.16569184064922,6.78677287656618,5.56149075979933,0.735068713941203,1.31391388153578,1.10834813453296,-4.95705243303316,4.35475529659919,7.85041812278786,3.40385720609487
United Arab Emirates,ARE,GDP (current US$),NY.GDP.MKTP.CD,400218529748.128,414105366752.893,370275469571.137,369255326235.534,390516804029.952,427049432157.931,417989721742.682,349473015330.157,415178792756.978,507063968277.74,504173451327.434
United Arab Emirates,ARE,GDP per capita (constant 2015 US$),NY.GDP.PCAP.KD,38034.9683997314,39242.2753125752,41525.1389043587,43457.5134835549,43419.5637443127,43644.1470474986,43785.4172712311,41276.0555134414,42715.4401735558,45698.0105290114,46877.428687674
United Arab Emirates,ARE,"GNI per capita, Atlas method (current US$)",NY.GNP.PCAP.CD,45850,47420,46270,44460,42090,44350,46210,41600,43590,49160,53290
United Arab Emirates,ARE,"Inflation, consumer prices (annual %)",FP.CPI.TOTL.ZG,1.1011183637571,2.34626865671633,4.06996608361603,1.61748808904189,1.9668255781886,3.06863379252005,-1.93108114782155,-2.07940317940978,-0.0138599444012243,4.82788859594475,..
United Arab Emirates,ARE,"Inflation, GDP deflator (annual %)",NY.GDP.DEFL.KD.ZG,-0.949325324877421,-0.668049355690627,-16.2670060257069,-5.52947861264578,4.9862131440172,7.93674803319826,-3.19440940446903,-12.0313053012111,13.8437703409675,13.2415371807134,-3.84309355244665
United Arab Emirates,ARE,"Unemployment, total (% of total labor force) (national estimate)",SL.UEM.TOTL.NE.ZS,..,..,..,1.64,2.462,2.236,2.331,4.294,3.105,2.873,2.151
United Arab Emirates,ARE,"Labor force participation rate, total (% of total population ages 15+) (national estimate)",SL.TLF.CACT.NE.ZS,..,..,..,80.57,80.774,81.012,80.2,80.354,76.808,77.379,78.454
United Arab Emirates,ARE,Exports of goods and services (% of GDP),NE.EXP.GNFS.ZS,98.0075860876661,96.9237967434986,97.5631880705978,97.6631210861556,98.342392206754,91.994776867123,96.6641687524381,95.9265985861602,..,..,..
United Arab Emirates,ARE,Imports of goods and services (% of GDP),NE.IMP.GNFS.ZS,63.0928963679193,67.1057131201116,71.9130486276005,73.2399666737917,74.4610327833186,65.925796265564,70.7193961702784,70.6453007391305,..,..,..
United Arab Emirates,ARE,Poverty headcount ratio at national poverty lines (% of population),SI.POV.NAHC,..,..,..,..,..,..,..,..,..,..,..
United Arab Emirates,ARE,Gini index,SI.POV.GINI,32.5,..,..,..,..,26.4,..,..,..,..,..
United Arab Emirates,ARE,"School enrollment, preprimary (% gross)",SE.PRE.ENRR,81.4817886352539,88.5307388305664,80.5619735717773,..,..,..,99.0242385864258,94.2054061889648,..,..,..
United Arab Emirates,ARE,"School enrollment, primary (% gross)",SE.PRM.ENRR,111.886131286621,118.973251342773,125.636726379395,116.86792755127,111.890777587891,..,115.148788452148,115.833160400391,..,..,..
United Arab Emirates,ARE,"School enrollment, secondary (% gross)",SE.SEC.ENRR,..,..,..,81.5097885131836,105.197357177734,..,120.530738830566,120.353652954102,..,..,..
United Arab Emirates,ARE,"School enrollment, tertiary (% gross)",SE.TER.ENRR,..,..,..,..,..,..,46.4808311462402,52.7062187194824,..,..,..
United Arab Emirates,ARE,"Literacy rate, adult total (% of people ages 15 and above)",SE.ADT.LITR.ZS,..,..,..,..,..,..,97.7825088500977,..,98.1263580322266,98.2854080200195,..
United Arab Emirates,ARE,CO2 emissions (metric tons per capita),EN.ATM.CO2E.PC,21.1339160750868,21.1227744472553,21.9145018912965,22.2807027101609,21.1654979061116,19.060949529489,20.1533448325312,20.2522716801426,..,..,..
United Arab Emirates,ARE,Access to electricity (% of population),EG.ELC.ACCS.ZS,100,100,100,100,100,100,100,100,100,100,..
United Arab Emirates,ARE,"Life expectancy at birth, total (years)",SP.DYN.LE00.IN,78.853,79.044,79.223,79.335,79.504,79.627,79.726,78.946,78.71,79.196,..
United Arab Emirates,ARE,"Mortality rate, under-5 (per 1,000 live births)",SH.DYN.MORT,8.2,7.9,7.6,7.3,7,6.7,6.3,5.9,5.6,5.3,..
China,CHN,GDP growth (annual %),NY.GDP.MKTP.KD.ZG,7.76615009773009,7.42576365632412,7.04132887873656,6.84876220495761,6.94720079331685,6.7497738324959,5.95050075367413,2.23863835634639,8.44846941687277,2.98908408613474,5.19999999987174
China,CHN,GDP (current US$),NY.GDP.MKTP.CD,9570471111831.68,10475624944355.2,11061572618578.7,11233313730348.7,12310491333980.9,13894907857880.6,14279968506271.7,14687744162801,17820459508852.2,17881783387000.9,17794781986104.5
China,CHN,GDP per capita (constant 2015 US$),NY.GDP.PCAP.KD,7056.42309152349,7532.78530130172,8016.44559489998,8516.52874235572,9053.22872461936,9619.20947510677,10155.5108830542,10358.1699971792,11223.2553476968,11560.2421221334,12174.0041075641
China,CHN,"GNI per capita, Atlas method (current US$)",NY.GNP.PCAP.CD,6740,7470,7890,8210,8670,9540,10310,10520,11950,12890,13400
China,CHN,"Inflation, consumer prices (annual %)",FP.CPI.TOTL.ZG,2.62105001748115,1.92164162788521,1.43702380935655,2.00000182191943,1.59313600071436,2.07479039965576,2.89923416358227,2.41942189457782,0.981015135544882,1.97357555739051,0.234836828893051
China,CHN,"Inflation, GDP deflator (annual %)",NY.GDP.DEFL.KD.ZG,2.16337002665455,1.03106368780396,-0.00294409364951775,1.40734602732051,4.2326819752236,3.49974763567195,1.28670040766232,0.49249391805742,4.55232657897571,1.78570164213482,-0.535569713948448
China,CHN,"Unemployment, total (% of total labor force) (national estimate)",SL.UEM.TOTL.NE.ZS,4.05,4.1,..,..,3.9,4.93,5.15,5.61,5.11,..,..
China,CHN,"Labor force participation rate, total (% of total population ages 15+) (national estimate)",SL.TLF.CACT.NE.ZS,70.68,70.63,70.69,70.89,..,..,..,..,..,..,..
China,CHN,Exports of goods and services (% of GDP),NE.EXP.GNFS.ZS,24.5992544368742,23.5100609073857,21.3540798828321,19.5843800536022,19.692276988259,19.1121035363786,18.4099923155274,18.5861391981183,19.9439738306996,20.7914822486501,19.7430734935221
China,CHN,Imports of goods and services (% of GDP),NE.IMP.GNFS.ZS,22.1451211404376,21.3951550469505,18.1100894524298,17.3100349634042,17.9401362522361,18.4536805657007,17.4801037187339,16.1681565014309,17.3580170349261,17.5599983266441,17.5737000795763
China,CHN,Poverty headcount ratio at national poverty lines (% of population),SI.POV.NAHC,8.5,7.2,5.7,4.5,3.1,1.7,0.6,0,..,..,..
China,CHN,Gini index,SI.POV.GINI,39.7,39.2,38.6,38.5,39.1,38.5,38.2,37.1,35.7,..,..
China,CHN,"School enrollment, preprimary (% gross)",SE.PRE.ENRR,72.7794570922852,76.0712738037109,78.6560516357422,82.3611831665039,84.7978210449219,88.0934066772461,89.1185531616211,90.4898223876953,93.0686721801758,..,..
China,CHN,"School enrollment, primary (% gross)",SE.PRM.ENRR,102.930908203125,97.9485015869141,97.1544418334961,97.3906173706055,97.922119140625,98.1703567504883,98.2354125976562,99.0244293212891,99.4303970336914,100.171730041504,..
China,CHN,"School enrollment, secondary (% gross)",SE.SEC.ENRR,..,..,..,..,..,..,..,..,..,..,..
China,CHN,"School enrollment, tertiary (% gross)",SE.TER.ENRR,32.7620315551758,43.8821907043457,47.4353790283203,49.7083587646484,51.5827713012695,54.0076217651367,57.2754402160645,62.2367782592773,67.3876190185547,71.9815521240234,..
China,CHN,"Literacy rate, adult total (% of people ages 15 and above)",SE.ADT.LITR.ZS,..,..,..,..,..,..,..,96.7395172119141,..,..,..
China,CHN,CO2 emissions (metric tons per capita),EN.ATM.CO2E.PC,7.32015492503154,7.30471287157582,7.14513153508327,7.10547993572515,7.22616015441748,7.53319313353674,7.64543578560038,7.75613790659769,..,..,..
China,CHN,Access to electricity (% of population),EG.ELC.ACCS.ZS,100,100,100,100,100,100,100,100,100,100,..
China,CHN,"Life expectancy at birth, total (years)",SP.DYN.LE00.IN,76.452,76.717,76.977,77.218,77.248,77.744,77.968,78.077,78.211,78.587,..
China,CHN,"Mortality rate, under-5 (per 1,000 live births)",SH.DYN.MORT,12.5,11.5,10.7,9.9,9.2,8.6,8,7.5,7,6.6,..
India,IND,GDP growth (annual %),NY.GDP.MKTP.KD.ZG,6.38610640092348,7.41022760516408,7.99625378566586,8.25630550178155,6.79538341898569,6.4538513449766,3.87143694070957,-5.77772470687434,9.68959249191211,6.98703932576051,7.58397112433558
India,IND,GDP (current US$),NY.GDP.MKTP.CD,1856721507621.46,2039126479155.27,2103588360044.39,2294796885663.67,2651474262755.59,2702929641648.14,2835606256558.84,2674851578586.86,3167270623260.52,3353470496885.95,3549918918777.53
India,IND,GDP per capita (constant 2015 US$),NY.GDP.PCAP.KD,1404.54534647065,1490.02850762963,1590.17433134297,1701.18423764708,1795.9118496797,1891.13843545663,1944.31484844968,1814.56156970557,1974.58060231807,2098.22093124628,2239.25036295254
India,IND,"GNI per capita, Atlas method (current US$)",NY.GNP.PCAP.CD,1500,1550,1590,1680,1800,1980,2080,1910,2180,2400,2540
India,IND,"Inflation, consumer prices (annual %)",FP.CPI.TOTL.ZG,10.0178784746102,6.66565671867899,4.90697344127256,4.94821634062141,3.32817337461298,3.9388264669163,3.72950573539129,6.62343677628535,5.13140747176369,6.69903414079852,5.64914318907925
India,IND,"Inflation, GDP deflator (annual %)",NY.GDP.DEFL.KD.ZG,6.18650400082137,3.33175691703343,2.27958810848014,3.2379749508663,3.96925793349949,3.88424027193912,2.40551716110539,4.81485791890125,8.35490771485064,6.7475130832006,1.36646712940708
India,IND,"Unemployment, total (% of total labor force) (national estimate)",SL.UEM.TOTL.NE.ZS,..,..,..,..,..,7.652,6.51,7.859,6.38,4.822,4.172
India,IND,"Labor force participation rate, total (% of total population ages 15+) (national estimate)",SL.TLF.CACT.NE.ZS,..,..,..,..,..,47.56,49.351,50.455,51.145,52.354,55.755
India,IND,Exports of goods and services (% of GDP),NE.EXP.GNFS.ZS,25.4308613005206,22.9679630081088,19.8131891564097,19.1582349105904,18.7917648392972,19.9278285988606,18.6642648972528,18.6824769296784,21.3991583305511,23.2004878372124,21.8916433086291
India,IND,Imports of goods and services (% of GDP),NE.IMP.GNFS.ZS,28.4132706461605,25.9542227389401,22.1097247094659,20.9242508026768,21.9507321152231,23.689140733538,21.2411386333823,19.0756283996041,24.0239304534927,26.7648321318258,23.962284840372
India,IND,Poverty headcount ratio at national poverty lines (% of population),SI.POV.NAHC,..,..,..,..,..,..,..,..,..,..,..
India,IND,Gini index,SI.POV.GINI,..,..,34.7,34.7,35.9,34.5,33.8,33.8,32.8,..,..
India,IND,"School enrollment, preprimary (% gross)",SE.PRE.ENRR,..,..,..,..,60.5040664672852,60.650562286377,62.8108367919922,61.0889358520508,51.6870307922363,..,..
India,IND,"School enrollment, primary (% gross)",SE.PRM.ENRR,106.096000671387,103.556999206543,104.22200012207,103.74299621582,101.887001037598,101.097999572754,99.5039978027344,101.291000366211,102.31600189209,111.083999633789,112.03099822998
India,IND,"School enrollment, secondary (% gross)",SE.SEC.ENRR,69.9568023681641,75.3183288574219,74.9483337402344,76.119987487793,74.5972671508789,75.7847900390625,75.5255813598633,75.109001159668,78.0630035400391,78.8130035400391,76.5410003662109
India,IND,"School enrollment, tertiary (% gross)",SE.TER.ENRR,24.3910007476807,25.9909992218018,27.2849998474121,27.3040008544922,27.9090003967285,28.5319995880127,29.0230007171631,29.8199996948242,31.5739994049072,32.6699981689453,33.117000579834
India,IND,"Literacy rate, adult total (% of people ages 15 and above)",SE.ADT.LITR.ZS,..,..,..,..,..,..,..,..,..,76.3227767944336,..
India,IND,CO2 emissions (metric tons per capita),EN.ATM.CO2E.PC,1.52767440026001,1.64246527737333,1.63132348717228,1.63991401876928,1.70492672078233,1.79559529858433,1.75253436625037,1.57609323191648,..,..,..
India,IND,Access to electricity (% of population),EG.ELC.ACCS.ZS,83.1,85.1,88,89.6,91.8,95.7,95.9,96.5,99.6,99.2,..
India,IND,"Life expectancy at birth, total (years)",SP.DYN.LE00.IN,68.46,69.074,69.636,70.117,70.467,70.71,70.91,70.15,67.24,67.744,..
India,IND,"Mortality rate, under-5 (per 1,000 live births)",SH.DYN.MORT,49.1,46.3,43.6,41.1,38.7,36.4,34.3,32.4,30.6,29.1,..
Brazil,BRA,GDP growth (annual %),NY.GDP.MKTP.KD.ZG,3.00482266944432,0.503955740242247,-3.54576339269425,-3.27591690782192,1.32286905404399,1.783666761634,1.22077782360842,-3.2767587964736,4.76260437908608,3.01669435393015,2.90848048667777
Brazil,BRA,GDP (current US$),NY.GDP.MKTP.CD,2472819535742.73,2456043727198.85,1802212206904.68,1795693482652.52,2063514977334.32,1916933898038.36,1873288205186.45,1476107231194.11,1670647399034.67,1951923942083.32,2173665655937.27
Brazil,BRA,GDP per capita (constant 2015 US$),NY.GDP.PCAP.KD,9216.13227969168,9183.4597265639,8783.2154236384,8426.84322068885,8470.94060378721,8553.86590205122,8592.21120694388,8255.56801342826,8603.1522144281,8822.04504268033,9032.11361406338
Brazil,BRA,"GNI per capita, Atlas method (current US$)",NY.GNP.PCAP.CD,12750,12080,10160,8890,8670,9140,9220,7910,7880,8240,9070
Brazil,BRA,"Inflation, consumer prices (annual %)",FP.CPI.TOTL.ZG,6.20431066640101,6.32904015516139,9.02990102416136,8.73914352329393,3.44637335032669,3.66485028376729,3.73297621216894,3.21176803803376,8.30165975585673,9.28010608956873,4.59356282283204
Brazil,BRA,"Inflation, GDP deflator (annual %)",NY.GDP.DEFL.KD.ZG,7.50456453292993,7.84670974352809,7.56617501207116,8.10360435870246,3.67138451275035,4.49353433137021,4.22425886899158,6.47249960755747,13.047270877833,8.5702819532232,4.65899475870381
Brazil,BRA,"Unemployment, total (% of total labor force) (national estimate)",SL.UEM.TOTL.NE.ZS,7.071,6.755,8.538,11.58,12.792,12.33,11.936,13.697,13.159,9.231,7.947
Brazil,BRA,"Labor force participation rate, total (% of total population ages 15+) (national estimate)",SL.TLF.CACT.NE.ZS,63.723,63.515,63.806,63.876,64.183,64.227,64.672,60.288,62.269,63.347,62.754
Brazil,BRA,Exports of goods and services (% of GDP),NE.EXP.GNFS.ZS,11.742230645138,11.0119428190539,12.9001914177405,12.4666790443888,12.5189678700669,14.6349994952986,14.1229191903622,16.4535520107044,19.1094303673866,19.6307650034371,18.1102794216442
Brazil,BRA,Imports of goods and services (% of GDP),NE.IMP.GNFS.ZS,14.0437266803948,13.6734629940752,14.0534345182709,12.0670030360511,11.8007665046081,14.2412038806757,14.7673386775793,15.8485265356365,18.5469003894967,19.1853009729027,15.7436671722105
Brazil,BRA,Poverty headcount ratio at national poverty lines (% of population),SI.POV.NAHC,..,..,..,..,..,..,..,..,..,..,..
Brazil,BRA,Gini index,SI.POV.GINI,52.7,52,51.9,53.4,53.3,53.9,53.5,48.9,52.9,52,..
Brazil,BRA,"School enrollment, preprimary (% gross)",SE.PRE.ENRR,86.7173080444336,90.2850875854492,90.6688003540039,96.1514282226563,96.7483596801758,96.522819519043,95.485221862793,85.9419708251953,..,..,..
Brazil,BRA,"School enrollment, primary (% gross)",SE.PRM.ENRR,109.945137023926,110.316459655762,109.152183532715,108.757843017578,109.80850982666,108.623291015625,107.407470703125,105.498199462891,103.4716796875,..,..
Brazil,BRA,"School enrollment, secondary (% gross)",SE.SEC.ENRR,103.917678833008,102.635528564453,100.920516967773,102.569511413574,103.015960693359,105.00707244873,103.953277587891,104.125999450684,106.651901245117,..,..
Brazil,BRA,"School enrollment, tertiary (% gross)",SE.TER.ENRR,44.3393707275391,47.1568717956543,48.4340400695801,48.3333396911621,50.0267486572266,51.1916885375977,52.6240615844727,54.5727996826172,56.8306198120117,60.3906211853027,..
Brazil,BRA,"Literacy rate, adult total (% of people ages 15 and above)",SE.ADT.LITR.ZS,91.4842376708984,91.7294311523438,92.0478973388672,92.8084411621094,93.0758209228516,93.2275009155273,..,..,..,94.6900024414062,..
Brazil,BRA,CO2 emissions (metric tons per capita),EN.ATM.CO2E.PC,2.4134465369818,2.51459195963426,2.36536062099671,2.16125984748939,2.18548661863967,2.06426147881772,2.05077012882977,1.94252335631484,..,..,..
Brazil,BRA,Access to electricity (% of population),EG.ELC.ACCS.ZS,99.6,99.7,99.7,99.7,99.8,99.7,99.8,99.7,99.5,100,..
Brazil,BRA,"Life expectancy at birth, total (years)",SP.DYN.LE00.IN,73.918,74.306,74.332,74.442,74.827,75.109,75.338,74.009,72.75,73.425,..
Brazil,BRA,"Mortality rate, under-5 (per 1,000 live births)",SH.DYN.MORT,16.7,16.3,15.9,16.7,15.3,15,14.8,14.5,14.3,14,..
Saudi Arabia,SAU,GDP growth (annual %),NY.GDP.MKTP.KD.ZG,2.53477827137303,3.81142279142699,4.5090590631757,1.88449273567737,0.911048655580274,3.19922678028009,1.09773374954092,-3.58153486307663,5.07511034987979,7.48598429134137,-0.754914810584665
Saudi Arabia,SAU,GDP (current US$),NY.GDP.MKTP.CD,753864533333.333,766605866666.667,669484266666.667,666000000000,714994666666.667,846583733333.333,838564800000,734271200000,874156000000,1108571466666.67,1067582933333.33
Saudi Arabia,SAU,GDP per capita (constant 2015 US$),NY.GDP.PCAP.KD,19600.7238416633,19940.4831412099,20442.3625620084,20412.2317972204,20130.2155980747,20284.795680432,20044.268607689,19235.2422681203,20237.7131446296,21478.8165337121,21006.1511726629
Saudi Arabia,SAU,"GNI per capita, Atlas method (current US$)",NY.GNP.PCAP.CD,24700,25060,23530,21510,20220,22030,23260,22480,24140,27500,28690
Saudi Arabia,SAU,"Inflation, consumer prices (annual %)",FP.CPI.TOTL.ZG,3.53252470694918,2.23629031536978,1.20607322150109,2.06884036053473,-0.838194579675018,2.45814158007532,-2.09333333333329,3.44545825956692,3.06328988941547,2.4740737192537,2.32708518362692
Saudi Arabia,SAU,"Inflation, GDP deflator (annual %)",NY.GDP.DEFL.KD.ZG,-0.892597886207128,-2.04340434872742,-16.4369469112862,-2.36045062575421,6.38731634132101,14.7336140424025,-2.02274033833496,-9.18456817699072,13.3007001530628,17.9839455619021,-2.96488667496891
Saudi Arabia,SAU,"Unemployment, total (% of total labor force) (national estimate)",SL.UEM.TOTL.NE.ZS,5.6,5.877,5.6,5.6,5.89,6.029,5.636,7.66,6.621,5.589,4.008
Saudi Arabia,SAU,"Labor force participation rate, total (% of total population ages 15+) (national estimate)",SL.TLF.CACT.NE.ZS,54.207,54.1,54,54.95,54.904,55.984,57.89,59.522,61.155,61.058,66.6
Saudi Arabia,SAU,Exports of goods and services (% of GDP),NE.EXP.GNFS.ZS,51.4209095745584,46.2481894216307,32.5639317986462,30.1591591591592,33.5657515394054,37.1985098382865,34.0891962076157,24.9019708249486,32.774653494342,40.221276968341,34.7492004368248
Saudi Arabia,SAU,Imports of goods and services (% of GDP),NE.IMP.GNFS.ZS,30.4963013690877,33.3134592934674,36.9399569658794,29.7462662662663,28.2485650242613,24.7570706925938,26.1089900267695,24.8115047047104,24.3681600690647,23.2923909521515,27.3778074633889
Saudi Arabia,SAU,Poverty headcount ratio at national poverty lines (% of population),SI.POV.NAHC,..,..,..,..,..,..,..,..,..,..,..
Saudi Arabia,SAU,Gini index,SI.POV.GINI,..,..,..,..,..,..,..,..,..,..,..
Saudi Arabia,SAU,"School enrollment, preprimary (% gross)",SE.PRE.ENRR,14.397310256958,17.6277294158936,21.4036903381348,22.2092895507813,20.9970397949219,21.2317504882813,21.464469909668,21.794620513916,18.319730758667,..,..
Saudi Arabia,SAU,"School enrollment, primary (% gross)",SE.PRM.ENRR,100.840843200684,102.033599853516,102.69214630127,103.448150634766,106.085350036621,105.431549072266,103.157783508301,102.71240234375,101.51399230957,102.705947875977,..
Saudi Arabia,SAU,"School enrollment, secondary (% gross)",SE.SEC.ENRR,92.8935165405273,99.4081497192383,103.276008605957,105.049896240234,105.574378967285,105.882858276367,104.450019836426,103.277328491211,103.587013244629,119.968368530273,..
Saudi Arabia,SAU,"School enrollment, tertiary (% gross)",SE.TER.ENRR,43.163501739502,51.2110710144043,56.5505714416504,64.6551132202148,72.4816665649414,74.5258178710938,79.6130676269531,74.7805709838867,74.3924865722656,73.7492065429688,..
Saudi Arabia,SAU,"Literacy rate, adult total (% of people ages 15 and above)",SE.ADT.LITR.ZS,94.4263381958008,..,..,..,95.3286285400391,..,..,97.5850677490234,..,..,..
Saudi Arabia,SAU,CO2 emissions (metric tons per capita),EN.ATM.CO2E.PC,15.9839190651263,16.8252361265938,17.2577930743373,16.795103103967,16.0777919021258,15.0655004937014,14.7030166496769,14.2665853675408,..,..,..
Saudi Arabia,SAU,Access to electricity (% of population),EG.ELC.ACCS.ZS,100,100,100,99.9,100,99.9,100,100,100,100,..
Saudi Arabia,SAU,"Life expectancy at birth, total (years)",SP.DYN.LE00.IN,76.626,76.757,76.918,77.064,77.16,77.212,77.304,76.239,76.936,77.905,..
Saudi Arabia,SAU,"Mortality rate, under-5 (per 1,000 live births)",SH.DYN.MORT,10.2,9.6,9.1,8.6,8.1,7.7,7.3,7,6.7,6.4,..
South Africa,ZAF,GDP growth (annual %),NY.GDP.MKTP.KD.ZG,2.48546800826588,1.41382645223793,1.32186223678229,0.664552307858116,1.15794695181735,1.55678384721676,0.25993557687633,-5.96335818439407,4.70306206485731,1.91040617007184,0.601662303103254
South Africa,ZAF,GDP (current US$),NY.GDP.MKTP.CD,400886013595.573,381198869776.106,346709790458.563,323585509674.481,381448814653.456,405260723892.517,389330032224.269,338291396026.698,420117812466.041,405270850098.738,377781600985.873
South Africa,ZAF,GDP per capita (constant 2015 US$),NY.GDP.PCAP.KD,6263.10433363432,6252.31797718806,6204.92990145846,6185.74604725477,6233.18710776586,6253.11899645914,6188.70355773203,5748.89784488027,5959.44365737965,6022.42750832719,6006.45285746237
South Africa,ZAF,"GNI per capita, Atlas method (current US$)",NY.GNP.PCAP.CD,8050,7340,6550,5960,5950,6390,6740,6110,6540,6780,6750
South Africa,ZAF,"Inflation, consumer prices (annual %)",FP.CPI.TOTL.ZG,5.78446909667201,6.12983770287141,4.54064227737906,6.57139642173964,5.18424664766128,4.51716522786592,4.12024587014984,3.21003597454107,4.61167217803206,7.03972661255866,6.0739085322053
South Africa,ZAF,"Inflation, GDP deflator (annual %)",NY.GDP.DEFL.KD.ZG,5.84411140067347,5.36654618468381,5.54552812339873,6.9521719608848,5.47332197481477,3.99329508509443,4.61352469052481,5.25956789820643,6.50012837608445,4.75948416121869,4.52476355727447
South Africa,ZAF,"Unemployment, total (% of total labor force) (national estimate)",SL.UEM.TOTL.NE.ZS,24.561,24.89,25.149,26.537,27.035,26.906,28.468,29.217,34.007,33.268,32.098
South Africa,ZAF,"Labor force participation rate, total (% of total population ages 15+) (national estimate)",SL.TLF.CACT.NE.ZS,53.078,53.314,54.591,54.714,55.36,55.161,55.267,50.548,52.024,53.499,55.02
South Africa,ZAF,Exports of goods and services (% of GDP),NE.EXP.GNFS.ZS,28.379280320361,29.0006193033471,27.7136384124829,28.1560881698955,27.3400757812216,27.4970371508423,27.2021294051151,27.5273512944254,31.1113198468579,33.5384457909833,33.0231183845837
South Africa,ZAF,Imports of goods and services (% of GDP),NE.IMP.GNFS.ZS,30.4957473096901,30.4989547517121,29.0130377322327,27.7051693349827,26.1958560481525,26.9885079767917,26.6958670030255,23.1594920420161,24.9733048979456,31.5222896280307,32.6993380595522
South Africa,ZAF,Poverty headcount ratio at national poverty lines (% of population),SI.POV.NAHC,..,55.5,..,..,..,..,..,..,..,..,..
South Africa,ZAF,Gini index,SI.POV.GINI,..,63,..,..,..,..,..,..,..,..,..
South Africa,ZAF,"School enrollment, preprimary (% gross)",SE.PRE.ENRR,18.3358306884766,18.8433094024658,18.6959896087646,18.1936798095703,18.4493808746338,17.629280090332,17.8414707183838,17.5463600158691,..,..,..
South Africa,ZAF,"School enrollment, primary (% gross)",SE.PRM.ENRR,108.892738342285,109.028793334961,111.678253173828,107.619003295898,104.854881286621,101.95011138916,101.256492614746,99.7352600097656,98.1153106689453,..,..
South Africa,ZAF,"School enrollment, secondary (% gross)",SE.SEC.ENRR,102.973999023438,105.673553466797,110.168930053711,109.774078369141,111.627403259277,108.520568847656,111.206802368164,110.017478942871,111.801963806152,..,..
South Africa,ZAF,"School enrollment, tertiary (% gross)",SE.TER.ENRR,18.0946197509766,18.138879776001,18.8556098937988,18.9649791717529,21.4171295166016,23.3899803161621,24.0192794799805,25.1296806335449,25.3566093444824,..,..
South Africa,ZAF,"Literacy rate, adult total (% of people ages 15 and above)",SE.ADT.LITR.ZS,..,94.1399002075195,94.367919921875,..,87.0466690063477,..,95.0229721069336,..,90.0013580322266,..,..
South Africa,ZAF,CO2 emissions (metric tons per capita),EN.ATM.CO2E.PC,8.11643495398564,8.19115252745267,7.60718852417825,7.54458957113285,7.68370781068603,7.66737702463575,7.68890762322173,6.68756314737781,..,..,..
South Africa,ZAF,Access to electricity (% of population),EG.ELC.ACCS.ZS,85.2,85.9,85.3,83.9,84.4,84.7,85,90,89.3,86.5,..
South Africa,ZAF,"Life expectancy at birth, total (years)",SP.DYN.LE00.IN,62.533,63.38,63.95,64.747,65.402,65.674,66.175,65.252,62.341,61.48,..
South Africa,ZAF,"Mortality rate, under-5 (per 1,000 live births)",SH.DYN.MORT,39.8,38.6,37.8,37.2,36.6,36.1,35.6,35.3,34.7,34.5,..
Nigeria,NGA,GDP growth (annual %),NY.GDP.MKTP.KD.ZG,6.67133539306172,6.30971865525467,2.65269329543003,-1.61686894906529,0.80588661910221,1.92275734200651,2.20842927714881,-1.79425308274458,3.64718654072446,3.25168140827093,2.86021499108364
Nigeria,NGA,GDP (current US$),NY.GDP.MKTP.CD,520117180313.906,574183763411.508,493026682800.63,404649125252.16,375745731053.427,421739251509.08,474517490844.461,432198898467.795,440838992188.478,472624596925.938,362814951696.073
Nigeria,NGA,GDP per capita (constant 2015 US$),NY.GDP.PCAP.KD,2585.64719625123,2677.49358113967,2679.5542234874,2570.95975900419,2526.99960987237,2512.08047529121,2505.46223905246,2401.1834151547,2429.58529026503,2449.58798087473,2460.39449557057
Nigeria,NGA,"GNI per capita, Atlas method (current US$)",NY.GNP.PCAP.CD,2700,2970,2860,2460,2090,2020,2110,2110,2160,2160,1930
Nigeria,NGA,"Inflation, consumer prices (annual %)",FP.CPI.TOTL.ZG,8.49551838265678,8.04741087967907,9.00943498007699,15.6968126387972,16.5022662139641,12.0951065173432,11.3964223378115,13.2460234276597,16.9528457221608,18.8471877843274,24.6595502031139
Nigeria,NGA,"Inflation, GDP deflator (annual %)",NY.GDP.DEFL.KD.ZG,4.96474571561274,4.66262291733076,2.86366512298943,9.54367006412473,11.1189180817699,10.2284850865888,10.384779195217,7.84914204720589,10.1310336867347,11.3113349413983,12.6218692275514
Nigeria,NGA,"Unemployment, total (% of total labor force) (national estimate)",SL.UEM.TOTL.NE.ZS,3.711,4.562,4.311,7.06,8.389,..,10.695,..,..,3.821,..
Nigeria,NGA,"Labor force participation rate, total (% of total population ages 15+) (national estimate)",SL.TLF.CACT.NE.ZS,59.808,..,72.245,74.582,76.337,..,58.872,..,..,81.394,..
Nigeria,NGA,Exports of goods and services (% of GDP),NE.EXP.GNFS.ZS,..,..,..,..,..,..,..,..,..,..,..
Nigeria,NGA,Imports of goods and services (% of GDP),NE.IMP.GNFS.ZS,..,..,..,..,..,..,..,..,..,..,..
Nigeria,NGA,Poverty headcount ratio at national poverty lines (% of population),SI.POV.NAHC,..,..,..,..,..,40.1,..,..,..,..,..
Nigeria,NGA,Gini index,SI.POV.GINI,..,..,35.9,..,..,35.1,..,..,..,..,..
Nigeria,NGA,"School enrollment, preprimary (% gross)",SE.PRE.ENRR,..,15.0458202362061,23.9944496154785,15.8845195770264,19.6549797058105,23.4557495117188,..,..,..,..,..
Nigeria,NGA,"School enrollment, primary (% gross)",SE.PRM.ENRR,91.3719711303711,87.4456405639648,83.75,81.9161682128906,76.4629974365234,84.6760635375977,83.2570037841797,87.3721008300781,86.7234268188477,..,..
Nigeria,NGA,"School enrollment, secondary (% gross)",SE.SEC.ENRR,54.8829689025879,44.5147514343262,45.6085815429688,40.9102096557617,..,42.1684494018555,..,45.889949798584,47.2372283935547,..,..
Nigeria,NGA,"School enrollment, tertiary (% gross)",SE.TER.ENRR,..,..,..,..,11.5790004730225,11.8109998703003,..,..,..,..,..
Nigeria,NGA,"Literacy rate, adult total (% of people ages 15 and above)",SE.ADT.LITR.ZS,..,..,..,..,..,62.0160102844238,..,..,..,..,..
Nigeria,NGA,CO2 emissions (metric tons per capita),EN.ATM.CO2E.PC,0.618778681422468,0.640072080671911,0.58559167537452,0.587371085185034,0.560638215463648,0.572783212388204,0.588005207479626,0.537510175389551,..,..,..
Nigeria,NGA,Access to electricity (% of population),EG.ELC.ACCS.ZS,55.6,54.2,52.5,59.3,54.4,56.5,55.4,55.4,59.5,60.5,..
Nigeria,NGA,"Life expectancy at birth, total (years)",SP.DYN.LE00.IN,51.707,51.791,51.841,52.043,52.305,52.554,52.91,52.887,52.676,53.633,..
Nigeria,NGA,"Mortality rate, under-5 (per 1,000 live births)",SH.DYN.MORT,129.1,127.7,126.2,124.5,122.4,119.9,116.9,113.9,110.6,107.2,..
Indonesia,IDN,GDP growth (annual %),NY.GDP.MKTP.KD.ZG,5.5572636889101,5.006668425755,4.87632230022123,5.03306918280177,5.06978590134916,5.17429153955024,5.01928768046282,-2.06551182934165,3.70288562827751,5.30741934775764,5.04810577067288
Indonesia,IDN,GDP (current US$),NY.GDP.MKTP.CD,912524136718.018,890814755533.537,860854232686.214,931877364037.698,1015618744159.73,1042271532988.63,1119099871350.2,1059054842698.48,1186509691086.73,1319076267310.16,1371171152331.16
Indonesia,IDN,GDP per capita (constant 2015 US$),NY.GDP.PCAP.KD,3086.32311695224,3203.48428702077,3322.58167895444,3453.04943030511,3591.78002845926,3741.30526682049,3892.42166187369,3780.12163441585,3892.95599990599,4073.55834962073,4247.85315520073
Indonesia,IDN,"GNI per capita, Atlas method (current US$)",NY.GNP.PCAP.CD,3710,3600,3420,3400,3530,3850,4070,3900,4170,4580,4870
Indonesia,IDN,"Inflation, consumer prices (annual %)",FP.CPI.TOTL.ZG,6.41251330156418,6.39492540819922,6.36312113115612,3.5258051568793,3.80879806953157,3.1983464156241,3.03058664969487,1.9209680056685,1.56012990525673,4.20946383402165,3.67013142377007
Indonesia,IDN,"Inflation, GDP deflator (annual %)",NY.GDP.DEFL.KD.ZG,4.96599029131677,5.44317454935612,3.98024266013961,2.43892408688207,4.29267812199525,3.81832356943335,1.59848849984144,-0.401651435218994,6.00397322136207,9.56668684525337,1.5330736733459
Indonesia,IDN,"Unemployment, total (% of total labor force) (national estimate)",SL.UEM.TOTL.NE.ZS,4.336,4.049,4.514,4.301,3.783,4.387,3.59,4.255,3.827,3.462,3.308
Indonesia,IDN,"Labor force participation rate, total (% of total population ages 15+) (national estimate)",SL.TLF.CACT.NE.ZS,66.757,66.624,66.579,66.314,66.694,67.652,68.238,67.401,65.868,67.018,67.899
Indonesia,IDN,Exports of goods and services (% of GDP),NE.EXP.GNFS.ZS,23.9235763797156,23.665984596562,21.1601792601373,19.0889938535584,20.1773044351849,21.0027464970783,18.5915277973681,17.3311682847479,21.4165556390653,24.5037442007268,21.7465817671945
Indonesia,IDN,Imports of goods and services (% of GDP),NE.IMP.GNFS.ZS,24.7137962959665,24.4141909888443,20.7774609813453,18.332347948917,19.1781926356863,22.0715624577963,19.0362497389257,15.6410071156049,18.7882026359018,20.9621544809476,19.5690849947929
Indonesia,IDN,Poverty headcount ratio at national poverty lines (% of population),SI.POV.NAHC,11.4,11.3,11.2,10.9,10.6,9.8,9.4,9.8,10.1,9.5,9.4
Indonesia,IDN,Gini index,SI.POV.GINI,38.9,38.8,38.2,36.9,36.4,36.3,35.4,35.3,35.5,35.5,36.1
Indonesia,IDN,"School enrollment, preprimary (% gross)",SE.PRE.ENRR,54.3466186523438,57.8752899169922,47.3484077453613,61.8764381408691,63.1930694580078,62.3436584472656,..,..,..,..,..
Indonesia,IDN,"School enrollment, primary (% gross)",SE.PRM.ENRR,112.899391174316,111.074516296387,109.361976623535,107.204238891602,105.679740905762,104.857139587402,102.59700012207,102.438003540039,101.990997314453,100.644996643066,..
Indonesia,IDN,"School enrollment, secondary (% gross)",SE.SEC.ENRR,84.5079116821289,85.2628936767578,89.543571472168,89.1707077026367,91.9919891357422,94.1759185791016,95.7839965820312,98.0439987182617,99.0970001220703,98.9720001220703,..
Indonesia,IDN,"School enrollment, tertiary (% gross)",SE.TER.ENRR,30.438570022583,30.5253391265869,33.0326499938965,35.4757499694824,36.633861541748,36.7954597473145,37.9259986877441,38.6500015258789,41.0019989013672,42.633171081543,..
Indonesia,IDN,"Literacy rate, adult total (% of people ages 15 and above)",SE.ADT.LITR.ZS,..,95.1162185668945,95.2179336547852,95.3769683837891,..,95.658561706543,..,95.9990081787109,..,..,..
Indonesia,IDN,CO2 emissions (metric tons per capita),EN.ATM.CO2E.PC,1.77040203245853,1.89142782676209,1.88756448144649,1.84830385185678,1.94857443086369,2.12683683837158,2.24528577070833,2.07165896221472,..,..,..
Indonesia,IDN,Access to electricity (% of population),EG.ELC.ACCS.ZS,96.5,97,97.5,97.6,98.1,98.5,98.9,97,99.2,100,..
Indonesia,IDN,"Life expectancy at birth, total (years)",SP.DYN.LE00.IN,69.264,69.533,69.699,69.798,69.936,70.338,70.518,68.808,67.57,68.25,..
Indonesia,IDN,"Mortality rate, under-5 (per 1,000 live births)",SH.DYN.MORT,29.8,28.6,27.5,26.4,25.4,24.5,23.6,22.8,22,21.3,..
Mexico,MEX,GDP growth (annual %),NY.GDP.MKTP.KD.ZG,0.852101559410627,2.50376350288664,2.70232342550646,1.77249323845399,1.87172853327193,1.97208209405635,-0.251335754924085,-8.62455573080136,5.73920833768318,3.94899999903839,3.22873675559163
Mexico,MEX,GDP (current US$),NY.GDP.MKTP.CD,1327436290282.67,1364507717614.13,1213294467716.88,1112233497452.7,1190721475906,1256300182879.73,1305211135822.61,1120832412468.85,1313069763986.6,1463323889036.56,1788886821046.81
Mexico,MEX,GDP per capita (constant 2015 US$),NY.GDP.PCAP.KD,9826.13238859065,9947.88602513395,10098.173182095,10161.3557094782,10240.3104275695,10343.3534302908,10228.980944107,9279.04949552593,9756.85862179455,10078.6025419466,10326.9538532988
Mexico,MEX,"GNI per capita, Atlas method (current US$)",NY.GNP.PCAP.CD,10810,11050,10660,9800,9310,9610,9930,8960,9920,10810,12100
Mexico,MEX,"Inflation, consumer prices (annual %)",FP.CPI.TOTL.ZG,3.80639069747204,4.01861608078679,2.72064064964023,2.8217078474766,6.04145724018986,4.89935015356551,3.63596142127046,3.39683415570006,5.68920847683753,7.8962761916855,5.52796087314389
Mexico,MEX,"Inflation, GDP deflator (annual %)",NY.GDP.DEFL.KD.ZG,1.70388278647849,4.36836891312464,3.22542892692515,6.07758782303863,6.56759492961866,5.20449997881845,4.25944006146996,4.81896368701643,4.53669254459224,6.442142222158,4.48808673043123
Mexico,MEX,"Unemployment, total (% of total labor force) (national estimate)",SL.UEM.TOTL.NE.ZS,4.921,4.819,4.311,3.853,3.419,3.275,3.477,4.441,4.019,3.256,2.765
Mexico,MEX,"Labor force participation rate, total (% of total population ages 15+) (national estimate)",SL.TLF.CACT.NE.ZS,60.314,59.81,59.849,59.744,59.419,59.629,60.172,55.517,58.855,59.749,60.384
Mexico,MEX,Exports of goods and services (% of GDP),NE.EXP.GNFS.ZS,30.755800584349,31.462992199988,34.1627726873238,36.8156772514808,37.5140886198874,39.0439304419331,38.4970333000564,39.2434324403369,40.6773203628452,42.761030737711,36.2034566193252
Mexico,MEX,Imports of goods and services (% of GDP),NE.IMP.GNFS.ZS,31.9358741892317,32.6354168351336,36.2502019889402,38.8746261573743,39.438037420838,41.1687312149645,38.8993639815331,37.6268298852866,42.6133823306841,45.6874453307709,37.9191823456859
Mexico,MEX,Poverty headcount ratio at national poverty lines (% of population),SI.POV.NAHC,..,..,..,43.6,..,41.9,..,43.9,..,36.3,..
Mexico,MEX,Gini index,SI.POV.GINI,..,48.9,..,46.9,..,46,..,44.6,..,43.5,..
Mexico,MEX,"School enrollment, preprimary (% gross)",SE.PRE.ENRR,70.9970169067383,71.7276306152344,72.0023193359375,72.1698913574219,73.7250671386719,72.79931640625,70.9686431884766,70.5982513427734,..,..,..
Mexico,MEX,"School enrollment, primary (% gross)",SE.PRM.ENRR,110.109268188477,108.573143005371,106.963432312012,106.391220092773,105.797607421875,105.188163757324,105.095039367676,104.517730712891,103.358810424805,102.004783630371,..
Mexico,MEX,"School enrollment, secondary (% gross)",SE.SEC.ENRR,93.2623062133789,97.3196868896484,100.982269287109,102.871368408203,105.11018371582,105.964653015137,105.515609741211,102.58154296875,98.3202514648438,98.3576583862305,..
Mexico,MEX,"School enrollment, tertiary (% gross)",SE.TER.ENRR,30.3301601409912,31.2052898406982,31.9718608856201,38.589771270752,40.3390693664551,41.6382789611816,43.0441398620605,45.1654510498047,45.6506195068359,46.4061317443848,..
Mexico,MEX,"Literacy rate, adult total (% of people ages 15 and above)",SE.ADT.LITR.ZS,93.9628524780273,94.5558776855469,94.472282409668,94.859619140625,94.9727783203125,95.3799133300781,..,95.2478485107422,..,..,..
Mexico,MEX,CO2 emissions (metric tons per capita),EN.ATM.CO2E.PC,4.05605522675517,3.8923552480392,3.92536832553423,3.92032302445388,3.86275941197886,3.58748930492536,3.6121651406375,3.04076637477226,..,..,..
Mexico,MEX,Access to electricity (% of population),EG.ELC.ACCS.ZS,99.1,99.2,99,99.5,100,99.5,99.6,99.4,100,100,..
Mexico,MEX,"Life expectancy at birth, total (years)",SP.DYN.LE00.IN,74.739,74.797,74.682,74.412,74.138,74.015,74.202,70.133,70.213,74.832,..
Mexico,MEX,"Mortality rate, under-5 (per 1,000 live births)",SH.DYN.MORT,17.3,16.8,16.2,15.7,15.2,14.7,14.2,13.7,13.3,12.8,..
Viet Nam,VNM,GDP growth (annual %),NY.GDP.MKTP.KD.ZG,5.55351081026072,6.42224312118567,6.98715430598611,6.69000892660424,6.94019037359206,7.46500685572751,7.35926270105006,2.86541320912272,2.55372852648131,8.12351446767343,5.04643073618749
Viet Nam,VNM,GDP (current US$),NY.GDP.MKTP.CD,213708811665.34,233451469642.519,239258328381.741,257096001177.982,281353605986.903,310106478394.659,334365270496.667,346615738537.796,366474752771.009,410324028883.325,429716969049.593
Viet Nam,VNM,GDP per capita (constant 2015 US$),NY.GDP.PCAP.KD,2327.93288310222,2451.15938864721,2595.23484372958,2741.05278752657,2903.02820194861,3090.77259500058,3288.35288950188,3352.06001102928,3408.76455391101,3658.69316280086,3817.19766783045
Viet Nam,VNM,"GNI per capita, Atlas method (current US$)",NY.GNP.PCAP.CD,2200,2400,2480,2580,2720,3060,3340,3450,3590,4020,4180
Viet Nam,VNM,"Inflation, consumer prices (annual %)",FP.CPI.TOTL.ZG,6.59267475899192,4.08455446637617,0.631200905175754,2.66824816969082,3.52025688811617,3.53962805942641,2.7958236745225,3.22093436652514,1.83471554810444,3.15650749963129,3.25289282667662
Viet Nam,VNM,"Inflation, GDP deflator (annual %)",NY.GDP.DEFL.KD.ZG,4.03852363752276,3.69813796808818,-1.71651170749655,1.81953592779914,4.36292014766431,3.62664730027259,2.42322694229267,1.46747814810814,2.88076792900642,4.05124231712631,1.90623130184002
Viet Nam,VNM,"Unemployment, total (% of total labor force) (national estimate)",SL.UEM.TOTL.NE.ZS,1.316,1.256,1.849,1.848,1.874,1.161,1.681,2.103,2.385,1.523,1.645
Viet Nam,VNM,"Labor force participation rate, total (% of total population ages 15+) (national estimate)",SL.TLF.CACT.NE.ZS,77.022,77.044,77.198,76.556,76.127,75.615,75.63,73.283,72.897,73.633,72.206
Viet Nam,VNM,Exports of goods and services (% of GDP),NE.EXP.GNFS.ZS,66.8004461496768,69.5985750693016,72.9228516057117,74.1072855078048,81.7625221215025,84.4234560193748,85.1575871009316,84.3815980216553,93.8502071216558,93.8116384550336,..
Viet Nam,VNM,Imports of goods and services (% of GDP),NE.IMP.GNFS.ZS,64.0459091218376,65.8119455291808,71.9913762727334,71.3022216366596,79.2175613784928,80.2404807345622,79.5466274303869,78.8642647547434,92.8256256783819,89.9779027021904,..
Viet Nam,VNM,Poverty headcount ratio at national poverty lines (% of population),SI.POV.NAHC,..,..,..,9.2,7.9,6.8,5.7,4.8,..,4.3,..
Viet Nam,VNM,Gini index,SI.POV.GINI,..,34.8,..,35.3,..,35.7,..,36.8,..,36.1,..
Viet Nam,VNM,"School enrollment, preprimary (% gross)",SE.PRE.ENRR,82.4204864501953,82.0448684692383,83.973258972168,87.8091506958008,96.531982421875,100.234931945801,95.888786315918,92.7634811401367,92.4453887939453,..,..
Viet Nam,VNM,"School enrollment, primary (% gross)",SE.PRM.ENRR,102.083267211914,105.519119262695,106.820762634277,110.223999023438,109.942001342773,112.21900177002,117.422996520996,119.024002075195,120.023002624512,123.134002685547,..
Viet Nam,VNM,"School enrollment, secondary (% gross)",SE.SEC.ENRR,..,..,88.197998046875,88.6389999389648,88.9570007324219,90.6350021362305,93.1539993286133,93.7900009155273,96.0670013427734,97.2490005493164,..
Viet Nam,VNM,"School enrollment, tertiary (% gross)",SE.TER.ENRR,26.9400005340576,32.8660011291504,31.0890007019043,30.2280006408691,..,..,28.506929397583,..,38.8730010986328,42.2239990234375,..
Viet Nam,VNM,"Literacy rate, adult total (% of people ages 15 and above)",SE.ADT.LITR.ZS,..,..,..,..,..,..,95.7538681030273,..,..,96.1332626342773,..
Viet Nam,VNM,CO2 emissions (metric tons per capita),EN.ATM.CO2E.PC,1.82011205575892,1.98057545667748,2.18581455940173,2.38415951269911,2.44464478063074,3.01471126646524,3.56784836932601,3.67644008813984,..,..,..
Viet Nam,VNM,Access to electricity (% of population),EG.ELC.ACCS.ZS,98.5,99.2,99.3,99.2,100,100,99.4,99.8,100,100,..
Viet Nam,VNM,"Life expectancy at birth, total (years)",SP.DYN.LE00.IN,73.775,73.855,73.876,73.938,73.963,73.976,74.093,75.378,73.618,74.58,..
Viet Nam,VNM,"Mortality rate, under-5 (per 1,000 live births)",SH.DYN.MORT,22.3,22.1,21.9,21.7,21.5,21.3,21.1,20.9,20.6,20.3,..
Singapore,SGP,GDP growth (annual %),NY.GDP.MKTP.KD.ZG,4.81763099120676,3.93554027709007,2.97679931634806,3.58864369582668,4.51292631770927,3.51711418509255,1.34505874082728,-3.86979893430043,9.69076687082064,3.83807678519807,1.07503175095101
Singapore,SGP,GDP (current US$),NY.GDP.MKTP.CD,307576360584.992,314863580758.455,307998545269.398,319053943915.005,343257164581.712,376892697588.005,376901649222.451,349488382610.662,434111559282.849,498474540987.78,501427500080.059
Singapore,SGP,GDP per capita (constant 2015 US$),NY.GDP.PCAP.KD,53298.9728558286,54681.9336458253,55645.6068614606,56899.485124515,59414.6549459103,61216.1250918658,61333.6563161696,59144.3539186758,67638.6459886659,67948.8928271514,65422.4603166668
Singapore,SGP,"GNI per capita, Atlas method (current US$)",NY.GNP.PCAP.CD,54470,56380,53160,53310,54920,56550,58810,55290,64970,66970,70590
Singapore,SGP,"Inflation, consumer prices (annual %)",FP.CPI.TOTL.ZG,2.35860415399832,1.02514803039391,-0.522618167075298,-0.532268739716253,0.576260310166349,0.43862011844684,0.565260568780326,-0.181916666666634,2.30485959040484,6.12106004039418,4.82146729476466
Singapore,SGP,"Inflation, GDP deflator (annual %)",NY.GDP.DEFL.KD.ZG,-0.431059391871671,-0.267270041634802,3.07195500966418,0.489627028998726,2.89404191400374,3.60410043476227,-0.20441464095768,-2.43859056928547,10.2637667092318,13.4781380113655,-3.06902994364776
Singapore,SGP,"Unemployment, total (% of total labor force) (national estimate)",SL.UEM.TOTL.NE.ZS,3.86,3.74,3.79,4.08,4.2,..,3.1,4.1,4.64,3.591,3.444
Singapore,SGP,"Labor force participation rate, total (% of total population ages 15+) (national estimate)",SL.TLF.CACT.NE.ZS,66.72,67.03,68.33,68.04,67.69,67.7,68.04,68.06,70.478,69.974,68.564
Singapore,SGP,Exports of goods and services (% of GDP),NE.EXP.GNFS.ZS,195.077796338143,191.953535787505,178.384608499682,164.715213242112,171.841622708604,178.230504749801,176.300088650586,181.555081067383,183.010537162982,185.757032866998,174.300145120981
Singapore,SGP,Imports of goods and services (% of GDP),NE.IMP.GNFS.ZS,171.963983710876,168.513783378732,151.08679044058,138.507381217761,145.190273503394,148.492855677385,146.77034130281,150.135440658079,146.774441614378,147.224336990913,136.940188501327
Singapore,SGP,Poverty headcount ratio at national poverty lines (% of population),SI.POV.NAHC,..,..,..,..,..,..,..,..,..,..,..
Singapore,SGP,Gini index,SI.POV.GINI,..,..,..,..,..,..,..,..,..,..,..
Singapore,SGP,"School enrollment, preprimary (% gross)",SE.PRE.ENRR,..,..,..,..,..,96.4534072875977,96.7821273803711,96.0698699951172,..,..,..
Singapore,SGP,"School enrollment, primary (% gross)",SE.PRM.ENRR,103.093002319336,102.34400177002,101.671997070312,100.773208618164,100.626953125,100.261871337891,100.692581176758,100.535911560059,99.8746490478516,..,..
Singapore,SGP,"School enrollment, secondary (% gross)",SE.SEC.ENRR,108.392997741699,108.138999938965,107.78099822998,107.859008789062,107.574600219727,105.844299316406,104.714958190918,103.199592590332,103.041877746582,..,..
Singapore,SGP,"School enrollment, tertiary (% gross)",SE.TER.ENRR,..,..,..,83.9409790039062,84.7929077148438,88.8864517211914,91.0889892578125,93.1347732543945,97.0989074707031,..,..
Singapore,SGP,"Literacy rate, adult total (% of people ages 15 and above)",SE.ADT.LITR.ZS,96.5480194091797,96.7166900634766,96.8254928588867,97.049560546875,97.2022171020508,97.344856262207,97.4795837402344,97.1318511962891,97.6475296020508,..,..
Singapore,SGP,CO2 emissions (metric tons per capita),EN.ATM.CO2E.PC,8.13316955483092,8.11713717182074,8.20810904856042,8.0198912735455,8.43229982682534,8.01821207673574,7.91841038479591,7.68668370206727,..,..,..
Singapore,SGP,Access to electricity (% of population),EG.ELC.ACCS.ZS,100,100,100,100,100,100,100,100,100,100,..
Singapore,SGP,"Life expectancy at birth, total (years)",SP.DYN.LE00.IN,82.2463414634147,82.4951219512195,82.7439024390244,82.8463414634146,83.0951219512195,83.2975609756098,83.5951219512195,83.5439024390244,83.0926829268293,82.8951219512195,..
Singapore,SGP,"Mortality rate, under-5 (per 1,000 live births)",SH.DYN.MORT,2.8,2.7,2.7,2.7,2.6,2.5,2.4,2.3,2.2,2.2,..
Chile,CHL,GDP growth (annual %),NY.GDP.MKTP.KD.ZG,3.30850824469113,1.79264947361806,2.15194249853634,1.75303874553305,1.35769537797211,3.99002947521676,0.634367533828438,-6.14347479224092,11.3339570691911,2.05874008095333,0.218780666901552
Chile,CHL,GDP (current US$),NY.GDP.MKTP.CD,277395018837.366,259560978231.552,242450355827.827,249344863933.461,276154259987.103,295857562991.709,278285058719.466,254042159309.311,315515014838.539,302116539409.03,335533331669.219
Chile,CHL,GDP per capita (constant 2015 US$),NY.GDP.PCAP.KD,13316.0522954787,13418.9757682399,13567.3572174332,13642.0180926986,13612.9242460618,13904.1153384034,13743.8930417408,12725.2123430055,14027.3068772462,14235.3616274723,14247.7133480235
Chile,CHL,"GNI per capita, Atlas method (current US$)",NY.GNP.PCAP.CD,15240,14830,14220,13440,13330,14610,14820,13010,14760,15430,15820
Chile,CHL,"Inflation, consumer prices (annual %)",FP.CPI.TOTL.ZG,1.7895555398459,4.71867527854663,4.34877353217053,3.78619355893118,2.18271846868519,2.43488981353057,2.55754475703327,3.04549084804334,4.52456838259121,11.6438667110561,7.58168251407969
Chile,CHL,"Inflation, GDP deflator (annual %)",NY.GDP.DEFL.KD.ZG,2.26077061226466,5.85289162817273,4.95436552710441,4.56065604390805,4.82819188168904,1.59019973757384,2.56778721379496,9.66572269693961,6.9147558846894,7.91378346570282,6.59951204566833
Chile,CHL,"Unemployment, total (% of total labor force) (national estimate)",SL.UEM.TOTL.NE.ZS,6.074,6.483,6.313,6.673,7.257,7.623,7.493,10.934,9.281,8.249,9.013
Chile,CHL,"Labor force participation rate, total (% of total population ages 15+) (national estimate)",SL.TLF.CACT.NE.ZS,61.623,61.933,62.067,62.155,62.951,63.207,63.072,56.358,57.552,60.138,61.521
Chile,CHL,Exports of goods and services (% of GDP),NE.EXP.GNFS.ZS,32.0874635900496,33.0039029654952,29.1910794910787,27.9231581095558,28.3313768335469,28.5290447397051,27.8746677570512,31.3303902428612,31.9735835020867,35.515107072528,31.1367365250198
Chile,CHL,Imports of goods and services (% of GDP),NE.IMP.GNFS.ZS,33.05582436367,32.630725154845,30.1580309876418,28.1347029773834,27.6947821330283,29.6480058934679,29.7370868110317,26.8524733201136,32.8648637520698,39.4726731414487,29.8303574695752
Chile,CHL,Poverty headcount ratio at national poverty lines (% of population),SI.POV.NAHC,14.4,..,11.7,..,8.6,..,..,10.8,..,6.5,..
Chile,CHL,Gini index,SI.POV.GINI,46.8,..,45.3,..,45.3,..,..,47,..,43,..
Chile,CHL,"School enrollment, preprimary (% gross)",SE.PRE.ENRR,79.0299987792969,81.7144393920898,82.3460922241211,82.3652267456055,81.763671875,82.1542282104492,84.8023986816406,84.5110778808594,..,..,..
Chile,CHL,"School enrollment, primary (% gross)",SE.PRM.ENRR,102.084899902344,101.930870056152,101.712509155273,101.585189819336,101.396278381348,101.538017272949,101.193206787109,99.7043991088867,99.3652267456055,100.192268371582,..
Chile,CHL,"School enrollment, secondary (% gross)",SE.SEC.ENRR,99.1520767211914,99.8654403686523,100.921676635742,101.488136291504,102.294822692871,103.173049926758,104.405769348145,103.691688537598,106.673522949219,106.068328857422,..
Chile,CHL,"School enrollment, tertiary (% gross)",SE.TER.ENRR,79.8703384399414,83.6629791259766,86.4181137084961,88.8458862304688,89.921989440918,91.1974792480469,92.0659713745117,89.1124877929688,96.2227935791016,99.3372802734375,..
Chile,CHL,"Literacy rate, adult total (% of people ages 15 and above)",SE.ADT.LITR.ZS,96.2670593261719,..,96.8741302490234,..,96.4022827148438,..,..,..,..,97.1600036621094,..
Chile,CHL,CO2 emissions (metric tons per capita),EN.ATM.CO2E.PC,4.74008312428523,4.3285934591455,4.60323610513279,4.78352570264377,4.74380241866313,4.62965705867727,4.82762007480769,4.39515106359663,..,..,..
Chile,CHL,Access to electricity (% of population),EG.ELC.ACCS.ZS,99.6,100,99.7,100,99.7,100,100,100,100,100,..
Chile,CHL,"Life expectancy at birth, total (years)",SP.DYN.LE00.IN,79.339,79.473,79.746,80.079,80.35,80.133,80.326,79.377,78.944,79.519,..
Chile,CHL,"Mortality rate, under-5 (per 1,000 live births)",SH.DYN.MORT,8.2,8.1,8,7.8,7.6,7.4,7.1,6.9,6.6,6.3,..
"Korea, Rep.",KOR,GDP growth (annual %),NY.GDP.MKTP.KD.ZG,3.16470863647184,3.2024537945736,2.80910326824133,2.94688171508626,3.15963574012777,2.90740377377135,2.24397786011012,-0.709415359397681,4.30473481906969,2.61267219187226,1.35673324311098
"Korea, Rep.",KOR,GDP (current US$),NY.GDP.MKTP.CD,1370632955321.2,1484488526271.8,1466038936206.43,1499679823909.61,1623074183501.9,1725373496825.43,1651422932447.77,1644312831906.17,1818432106880.04,1673916511799.71,1712792854202.37
"Korea, Rep.",KOR,GDP per capita (constant 2015 US$),NY.GDP.PCAP.KD,27399.6159477521,28100.0102759544,28737.4391706499,29467.124342556,30312.8888500809,31059.2668087927,31645.9498343307,31378.1579340648,32771.0724243229,33690.3788793046,34121.0211756766
"Korea, Rep.",KOR,"GNI per capita, Atlas method (current US$)",NY.GNP.PCAP.CD,26970,28160,28720,29330,30290,32740,33830,33040,35180,36160,35490
"Korea, Rep.",KOR,"Inflation, consumer prices (annual %)",FP.CPI.TOTL.ZG,1.30134754547413,1.27477446401322,0.70633177245575,0.971685739912168,1.94433230786366,1.47583935002645,0.383000303608136,0.537288023411737,2.49833333333339,5.08951365062842,3.5974562502901
"Korea, Rep.",KOR,"Inflation, GDP deflator (annual %)",NY.GDP.DEFL.KD.ZG,1.01854380505277,0.906896750615815,3.18559596664953,1.98603850545349,2.22278138152841,0.482948983102617,-0.839325308149668,1.56374685675343,2.76293194144772,1.27552257409207,2.06407396162432
"Korea, Rep.",KOR,"Unemployment, total (% of total labor force) (national estimate)",SL.UEM.TOTL.NE.ZS,2.747,3.082,3.546,3.65,3.653,3.824,3.746,3.931,3.639,2.857,2.675
"Korea, Rep.",KOR,"Labor force participation rate, total (% of total population ages 15+) (national estimate)",SL.TLF.CACT.NE.ZS,61.896,62.909,63.175,63.195,63.479,63.364,63.57,62.811,63.078,64.206,64.602
"Korea, Rep.",KOR,Exports of goods and services (% of GDP),NE.EXP.GNFS.ZS,51.2920711097027,47.8314208662979,42.989561527711,40.1326509111205,40.9342069409884,41.7132908430894,39.2758610673609,36.359590549146,41.8772295047804,48.2717642210409,43.9956698686696
"Korea, Rep.",KOR,Imports of goods and services (% of GDP),NE.IMP.GNFS.ZS,46.6600338441855,42.7830210318588,36.142932861381,33.4711585544775,36.1867108656532,37.2755746703469,36.4812778978581,32.6744545418102,38.3222274220465,48.2646450676456,43.9440093217037
"Korea, Rep.",KOR,Poverty headcount ratio at national poverty lines (% of population),SI.POV.NAHC,..,..,..,..,..,..,..,..,..,..,..
"Korea, Rep.",KOR,Gini index,SI.POV.GINI,..,31.2,..,35.2,34.9,33.7,33.2,32.7,32.9,..,..
"Korea, Rep.",KOR,"School enrollment, preprimary (% gross)",SE.PRE.ENRR,92.843620300293,92.6872329711914,93.9874801635742,96.6409378051758,94.9851989746094,93.524787902832,92.2443313598633,91.7819137573242,..,..,..
"Korea, Rep.",KOR,"School enrollment, primary (% gross)",SE.PRM.ENRR,100.268768310547,99.4568099975586,100.062088012695,99.7160110473633,98.6247100830078,98.6656723022461,99.6388168334961,99.217903137207,98.67578125,99.0333633422852,..
"Korea, Rep.",KOR,"School enrollment, secondary (% gross)",SE.SEC.ENRR,97.8287506103516,98.5806732177734,98.5931930541992,98.7179565429688,99.105583190918,99.3186569213867,98.3813018798828,97.0888214111328,98.0951538085938,97.9161987304688,..
"Korea, Rep.",KOR,"School enrollment, tertiary (% gross)",SE.TER.ENRR,96.3375015258789,94.4421691894531,93.9676513671875,93.6577224731445,93.7230224609375,93.3281784057617,93.9989166259766,96.8767700195312,100.317680358887,103.276039123535,..
"Korea, Rep.",KOR,"Literacy rate, adult total (% of people ages 15 and above)",SE.ADT.LITR.ZS,..,..,..,..,..,98.8000030517578,..,..,..,..,..
"Korea, Rep.",KOR,CO2 emissions (metric tons per capita),EN.ATM.CO2E.PC,11.8900369278382,11.5887156236236,11.9146864937447,12.0162045997951,12.1914934200949,12.2164561683734,11.8252835873752,10.9900295814285,..,..,..
"Korea, Rep.",KOR,Access to electricity (% of population),EG.ELC.ACCS.ZS,100,100,100,100,100,100,100,100,100,100,..
"Korea, Rep.",KOR,"Life expectancy at birth, total (years)",SP.DYN.LE00.IN,81.2707317073171,81.7219512195122,82.0243902439024,82.2756097560976,82.6268292682927,82.6268292682927,83.2268292682927,83.4268292682927,83.5268292682927,82.6804878048781,..
"Korea, Rep.",KOR,"Mortality rate, under-5 (per 1,000 live births)",SH.DYN.MORT,3.7,3.6,3.5,3.4,3.3,3.2,3.1,3,2.9,2.8,..
"Venezuela, RB",VEN,GDP growth (annual %),NY.GDP.MKTP.KD.ZG,1.34309403607476,-3.89438647450662,..,..,..,..,..,..,..,..,..
"Venezuela, RB",VEN,GDP (current US$),NY.GDP.MKTP.CD,371005379786.566,482359318767.703,..,..,..,..,..,..,..,..,..
"Venezuela, RB",VEN,GDP per capita (constant 2015 US$),NY.GDP.PCAP.KD,..,..,..,..,..,..,..,..,..,..,..
"Venezuela, RB",VEN,"GNI per capita, Atlas method (current US$)",NY.GNP.PCAP.CD,11950,13010,..,..,..,..,..,..,..,..,..
"Venezuela, RB",VEN,"Inflation, consumer prices (annual %)",FP.CPI.TOTL.ZG,40.6394275161589,62.1686499794829,121.738085297503,254.948534781816,..,..,..,..,..,..,..
"Venezuela, RB",VEN,"Inflation, GDP deflator (annual %)",NY.GDP.DEFL.KD.ZG,35.5026746348335,40.4404901065548,..,..,..,..,..,..,..,..,..
"Venezuela, RB",VEN,"Unemployment, total (% of total labor force) (national estimate)",SL.UEM.TOTL.NE.ZS,..,..,..,5.319,5.045,..,..,7.53,..,..,..
"Venezuela, RB",VEN,"Labor force participation rate, total (% of total population ages 15+) (national estimate)",SL.TLF.CACT.NE.ZS,..,..,..,61.185,66.407,..,..,59.88,..,..,..
"Venezuela, RB",VEN,Exports of goods and services (% of GDP),NE.EXP.GNFS.ZS,24.7649783030385,16.6938273502942,..,..,..,..,..,..,..,..,..
"Venezuela, RB",VEN,Imports of goods and services (% of GDP),NE.IMP.GNFS.ZS,29.5127829641928,31.3969861752704,..,..,..,..,..,..,..,..,..
"Venezuela, RB",VEN,Poverty headcount ratio at national poverty lines (% of population),SI.POV.NAHC,29.4,29.5,33.1,..,..,..,..,..,..,..,..
"Venezuela, RB",VEN,Gini index,SI.POV.GINI,..,..,..,..,..,..,..,..,..,..,..
"Venezuela, RB",VEN,"School enrollment, preprimary (% gross)",SE.PRE.ENRR,76.1131286621094,73.7026672363281,76.1465225219727,70.9093627929688,69.5150680541992,..,..,..,..,..,..
"Venezuela, RB",VEN,"School enrollment, primary (% gross)",SE.PRM.ENRR,101.631439208984,100.504531860352,99.7375183105469,96.8556365966797,94.0880584716797,100.678001403809,..,..,..,..,..
"Venezuela, RB",VEN,"School enrollment, secondary (% gross)",SE.SEC.ENRR,91.7803802490234,91.0872268676758,89.0915222167969,85.3960266113281,84.1052017211914,..,..,..,..,..,..
"Venezuela, RB",VEN,"School enrollment, tertiary (% gross)",SE.TER.ENRR,..,..,..,..,..,..,..,..,..,..,..
"Venezuela, RB",VEN,"Literacy rate, adult total (% of people ages 15 and above)",SE.ADT.LITR.ZS,..,..,96.6052169799805,97.1270904541016,..,..,..,..,..,97.5999984741211,..
"Venezuela, RB",VEN,CO2 emissions (metric tons per capita),EN.ATM.CO2E.PC,6.04673480188247,5.93629544714916,5.34321708069607,4.89458472114406,4.57368123535075,4.36396145291438,3.71059907013341,2.54502797831961,..,..,..
"Venezuela, RB",VEN,Access to electricity (% of population),EG.ELC.ACCS.ZS,99.4,100,100,99.4,99.2,99.9,99.8,99.9,100,100,..
"Venezuela, RB",VEN,"Life expectancy at birth, total (years)",SP.DYN.LE00.IN,73.196,72.853,73.006,72.058,71.943,71.979,72.161,71.095,70.554,71.105,..
"Venezuela, RB",VEN,"Mortality rate, under-5 (per 1,000 live births)",SH.DYN.MORT,17.8,18.2,19.1,24.2,24.2,24.2,24.2,24.2,24.2,24.2,..
Argentina,ARG,GDP growth (annual %),NY.GDP.MKTP.KD.ZG,2.40532378079436,-2.51261532081394,2.73115982828944,-2.08032784377811,2.81850297775918,-2.61739646282038,-2.00086100285785,-9.9004848136464,10.7180099337095,4.95636996008236,-1.55050153620256
Argentina,ARG,GDP (current US$),NY.GDP.MKTP.CD,552025140252.246,526319673731.638,594749285413.212,557532320662.955,643628393281.364,524819892360.176,447754683615.225,385740508436.965,487902572164.348,631133384439.944,640591410663.883
Argentina,ARG,GDP per capita (constant 2015 US$),NY.GDP.PCAP.KD,14071.5086831557,13567.9484159809,13789.060424772,13360.2118345982,13595.0373551081,13105.397163317,12716.2242038544,11346.6521128461,12444.3182669731,12940.7384352157,12625.4695509096
Argentina,ARG,"GNI per capita, Atlas method (current US$)",NY.GNP.PCAP.CD,12870,12350,12600,12220,13140,12430,11220,9010,9980,11590,12520
Argentina,ARG,"Inflation, consumer prices (annual %)",FP.CPI.TOTL.ZG,..,..,..,..,..,..,..,..,..,..,..
Argentina,ARG,"Inflation, GDP deflator (annual %)",NY.GDP.DEFL.KD.ZG,23.9487984162746,40.2829716315506,26.5799916024707,41.1193799882279,26.0063792819079,42.0336689575031,49.1955790596612,40.0830878011993,53.8404499043736,69.4712395512144,133.839867291437
Argentina,ARG,"Unemployment, total (% of total labor force) (national estimate)",SL.UEM.TOTL.NE.ZS,7.1,7.268,..,..,8.347,9.221,9.843,11.461,8.736,6.805,6.139
Argentina,ARG,"Labor force participation rate, total (% of total population ages 15+) (national estimate)",SL.TLF.CACT.NE.ZS,59.962,59.444,..,..,58.808,59.595,60.289,56.023,60.358,61.484,62.286
Argentina,ARG,Exports of goods and services (% of GDP),NE.EXP.GNFS.ZS,14.6171733884386,14.4054785893756,10.7056520504538,12.5270951690009,11.3202833596733,14.4366857499034,17.9248783778462,16.6054144372484,17.9965879441795,16.2995616770379,12.9194246104445
Argentina,ARG,Imports of goods and services (% of GDP),NE.IMP.GNFS.ZS,14.7167556136651,14.0013150558519,11.7805740385254,13.5667926798789,13.9693177780045,16.3258502050892,14.7057366680037,13.5982843701675,14.9334363103503,15.3509522986127,14.0523919218016
Argentina,ARG,Poverty headcount ratio at national poverty lines (% of population),SI.POV.NAHC,..,..,..,30.3,25.7,32,35.5,42,37.3,39.2,..
Argentina,ARG,Gini index,SI.POV.GINI,41.1,41.8,..,42.3,41.4,41.7,43.3,42.7,42.4,40.7,..
Argentina,ARG,"School enrollment, preprimary (% gross)",SE.PRE.ENRR,72.2495727539063,73.2491989135742,74.6931610107422,75.3311920166016,76.0847320556641,77.2012100219727,77.7788314819336,76.186653137207,..,..,..
Argentina,ARG,"School enrollment, primary (% gross)",SE.PRM.ENRR,114.509239196777,113.961883544922,113.778198242188,112.944267272949,111.681457519531,111.545608520508,111.36531829834,110.617813110352,110.156112670898,..,..
Argentina,ARG,"School enrollment, secondary (% gross)",SE.SEC.ENRR,104.596748352051,106.092132568359,107.549072265625,109.645942687988,110.412406921387,109.696998596191,110.498527526855,112.416679382324,116.559448242188,..,..
Argentina,ARG,"School enrollment, tertiary (% gross)",SE.TER.ENRR,78.7686614990234,81.1694107055664,83.762580871582,86.6178817749023,89.2329406738281,90.9728317260742,95.0775527954102,99.266227722168,107.130661010742,..,..
Argentina,ARG,"Literacy rate, adult total (% of people ages 15 and above)",SE.ADT.LITR.ZS,..,..,..,..,..,..,..,..,..,..,..
Argentina,ARG,CO2 emissions (metric tons per capita),EN.ATM.CO2E.PC,4.34225013023383,4.20911189491323,4.30191380564475,4.20181586904703,4.07011168693629,3.97565074444479,3.74202981162433,3.4056175404138,..,..,..
Argentina,ARG,Access to electricity (% of population),EG.ELC.ACCS.ZS,99.3,100,99.7,99.9,100,100,100,100,100,100,..
Argentina,ARG,"Life expectancy at birth, total (years)",SP.DYN.LE00.IN,76.491,76.755,76.76,76.308,76.833,76.999,77.284,75.892,75.39,76.064,..
Argentina,ARG,"Mortality rate, under-5 (per 1,000 live births)",SH.DYN.MORT,12.8,12.2,11.8,11.4,11,10.6,10.3,10,9.7,9.4,..
Syrian Arab Republic,SYR,GDP growth (annual %),NY.GDP.MKTP.KD.ZG,-26.3000876615061,-10.310339909053,-4.179791613232,-6.4055907393619,-0.723281777470547,1.39317607830837,1.22070522070523,-0.182330467026262,1.29973808951831,..,..
Syrian Arab Republic,SYR,GDP (current US$),NY.GDP.MKTP.CD,21361254647.9904,21502061462.2122,16466863097.2125,12597854884.462,16369843341.3865,21497782880.7488,22583045052.56,11155888304.0023,8980060818.72145,..,..
Syrian Arab Republic,SYR,GDP per capita (constant 2015 US$),NY.GDP.PCAP.KD,891.368635934704,856.166233920089,857.417884760688,812.690278508957,805.999576294994,802.430209355374,781.318333469391,754.575939265083,744.604884868047,..,..
Syrian Arab Republic,SYR,"GNI per capita, Atlas method (current US$)",NY.GNP.PCAP.CD,1280,1080,910,760,730,820,980,780,560,..,..
Syrian Arab Republic,SYR,"Inflation, consumer prices (annual %)",FP.CPI.TOTL.ZG,..,..,..,..,..,..,..,..,..,..,..
Syrian Arab Republic,SYR,"Inflation, GDP deflator (annual %)",NY.GDP.DEFL.KD.ZG,31.7701939095293,37.0945840345087,38.2145477487644,36.8710415587113,37.2209382232321,13.1879402830296,19.8313540100224,48.8528821400847,48.2876897230364,..,..
Syrian Arab Republic,SYR,"Unemployment, total (% of total labor force) (national estimate)",SL.UEM.TOTL.NE.ZS,..,..,..,..,..,..,..,..,..,..,..
Syrian Arab Republic,SYR,"Labor force participation rate, total (% of total population ages 15+) (national estimate)",SL.TLF.CACT.NE.ZS,..,..,..,..,..,..,..,..,..,..,..
Syrian Arab Republic,SYR,Exports of goods and services (% of GDP),NE.EXP.GNFS.ZS,7.7780179722273,7.01577957147438,14.2911046581269,21.6800989026841,19.3396755851813,14.9170277126093,13.0100664640827,14.7801429940723,24.7950277607439,..,..
Syrian Arab Republic,SYR,Imports of goods and services (% of GDP),NE.IMP.GNFS.ZS,36.9272368111259,47.2486429496201,36.79510316471,45.4318376304087,41.7111765867818,35.7420714018735,28.9894046595335,33.6212191851828,73.0562264704539,..,..
Syrian Arab Republic,SYR,Poverty headcount ratio at national poverty lines (% of population),SI.POV.NAHC,..,..,..,..,..,..,..,..,..,..,..
Syrian Arab Republic,SYR,Gini index,SI.POV.GINI,..,..,..,..,..,..,..,..,..,26.6,..
Syrian Arab Republic,SYR,"School enrollment, preprimary (% gross)",SE.PRE.ENRR,5.54877996444702,..,..,..,..,..,..,..,..,..,..
Syrian Arab Republic,SYR,"School enrollment, primary (% gross)",SE.PRM.ENRR,69.7999420166016,..,..,..,..,..,..,71.1900863647461,70.0659790039062,74.367431640625,79.6461715698242
Syrian Arab Republic,SYR,"School enrollment, secondary (% gross)",SE.SEC.ENRR,48.9635314941406,..,..,..,..,..,..,37.9215202331543,38.2289009094238,38.4870300292969,38.6241989135742
Syrian Arab Republic,SYR,"School enrollment, tertiary (% gross)",SE.TER.ENRR,33.1396789550781,47.3828811645508,51.1659507751465,46.5840187072754,..,..,..,..,..,..,..
Syrian Arab Republic,SYR,"Literacy rate, adult total (% of people ages 15 and above)",SE.ADT.LITR.ZS,..,86.3000030517578,..,..,..,..,..,..,94.4191436767578,..,..
Syrian Arab Republic,SYR,CO2 emissions (metric tons per capita),EN.ATM.CO2E.PC,1.42802640569067,1.32540815590414,1.31530673654782,1.29080229475964,1.35878908347847,1.46394362975738,1.33545948848982,1.21480248375323,..,..,..
Syrian Arab Republic,SYR,Access to electricity (% of population),EG.ELC.ACCS.ZS,90.4,90.2,90,89.8,89.6,86,89.2,89,88.8,89,..
Syrian Arab Republic,SYR,"Life expectancy at birth, total (years)",SP.DYN.LE00.IN,63.827,63.153,65.124,65.993,68.481,70.145,71.822,72.14,72.063,72.3,..
Syrian Arab Republic,SYR,"Mortality rate, under-5 (per 1,000 live births)",SH.DYN.MORT,48.6,45.7,43.9,34.7,37.4,40.5,27,22.7,21.6,21.4,..
,,,,,,,,,,,,,,
,,,,,,,,,,,,,,
,,,,,,,,,,,,,,
Data from database: World Development Indicators,,,,,,,,,,,,,,
Last Updated: 09/19/2024,,,,,,,,,,,,,,
